id;name;last_name;company;address;phone;email;role;notes
1;fooey;Hills;brr;frightfully enormously;25844;Simeon_Lind@gmail.com;likewise;decimal mmm mmm
2;qua tunnel;Mills;pish that;clearly amid freelance;23389;Ashton_Romaguera83@gmail.com;recline;appropriate uh-huh
3;brilliant;Terry;apropos;in;4654;Tara.Leannon59@hotmail.com;behind kookily psst;meaningfully
4;hm like pivot;Bartoletti;cheerfully;worse hasty eek;8943;Samantha.Conroy@gmail.com;vague;yowza phooey rigidly
5;persevere fairly stamp;Spinka;evidence finally;tight cruise among;1216;Eleazar_Glover@yahoo.com;pfft mesmerise rightfully;supernatural
6;especially;Wehner;yowza;gah documentation;30920;Reina19@hotmail.com;lest;document
7;along;Streich;unfortunately emu;ovary appetizer remote;28790;Eula_Schoen@gmail.com;while;absentmindedly clerk
8;brr;Spinka;keenly;fiery;32004;Jailyn.Rath5@yahoo.com;only broadcast;yum what frenetically
9;amidst estimate phew;Herman;gah during pleased;overnighter conventional mid;14098;Tracy.Welch@hotmail.com;squirrel boohoo;tenderly
10;lightly;Kihn;around vibration;yum;23030;Kaitlyn_Bartoletti@yahoo.com;lumpy;vacantly
