id;notes;link
1;Lorem ipsum dolor sit amet, consectetur adipiscing elit.;https://example.com/1
2;Sed do eiusmod tempor incididunt ut labore et dolore magna aliqua.;https://example.com/2
3;Ut enim ad minim veniam, quis nostrud exercitation ullamco laboris nisi ut aliquip ex ea commodo consequat.;https://example.com/3
4;Duis aute irure dolor in reprehenderit in voluptate velit esse cillum dolore eu fugiat nulla pariatur.;https://example.com/4
5;Excepteur sint occaecat cupidatat non proident, sunt in culpa qui officia deserunt mollit anim id est laborum.;https://example.com/5
6;Lorem ipsum dolor sit amet, consectetur adipiscing elit.;https://example.com/6
7;Sed do eiusmod tempor incididunt ut labore et dolore magna aliqua.;https://example.com/7
8;Ut enim ad minim veniam, quis nostrud exercitation ullamco laboris nisi ut aliquip ex ea commodo consequat.;https://example.com/8
9;Duis aute irure dolor in reprehenderit in voluptate velit esse cillum dolore eu fugiat nulla pariatur.;https://example.com/9
10;Excepteur sint occaecat cupidatat non proident, sunt in culpa qui officia deserunt mollit anim id est laborum.;https://example.com/10
11;Lorem ipsum dolor sit amet, consectetur adipiscing elit.;https://example.com/11
12;Sed do eiusmod tempor incididunt ut labore et dolore magna aliqua.;https://example.com/12
13;Ut enim ad minim veniam, quis nostrud exercitation ullamco laboris nisi ut aliquip ex ea commodo consequat.;https://example.com/13
14;Duis aute irure dolor in reprehenderit in voluptate velit esse cillum dolore eu fugiat nulla pariatur.;https://example.com/14
15;Excepteur sint occaecat cupidatat non proident, sunt in culpa qui officia deserunt mollit anim id est laborum.;https://example.com/15
16;Lorem ipsum dolor sit amet, consectetur adipiscing elit.;https://example.com/16
17;Sed do eiusmod tempor incididunt ut labore et dolore magna aliqua.;https://example.com/17
18;Ut enim ad minim veniam, quis nostrud exercitation ullamco laboris nisi ut aliquip ex ea commodo consequat.;https://example.com/18
19;Duis aute irure dolor in reprehenderit in voluptate velit esse cillum dolore eu fugiat nulla pariatur.;https://example.com/19
20;Excepteur sint occaecat cupidatat non proident, sunt in culpa qui officia deserunt mollit anim id est laborum.;https://example.com/20
21;Lorem ipsum dolor sit amet, consectetur adipiscing elit.;https://example.com/21
22;Sed do eiusmod tempor incididunt ut labore et dolore magna aliqua.;https://example.com/22
23;Ut enim ad minim veniam, quis nostrud exercitation ullamco laboris nisi ut aliquip ex ea commodo consequat.;https://example.com/23
24;Duis aute irure dolor in reprehenderit in voluptate velit esse cillum dolore eu fugiat nulla pariatur.;https://example.com/24
25;Excepteur sint occaecat cupidatat non proident, sunt in culpa qui officia deserunt mollit anim id est laborum.;https://example.com/25
26;Lorem ipsum dolor sit amet, consectetur adipiscing elit.;https://example.com/26
27;Sed do eiusmod tempor incididunt ut labore et dolore magna aliqua.;https://example.com/27
28;Ut enim ad minim veniam, quis nostrud exercitation ullamco laboris nisi ut aliquip ex ea commodo consequat.;https://example.com/28
29;Duis aute irure dolor in reprehenderit in voluptate velit esse cillum dolore eu fugiat nulla pariatur.;https://example.com/29
30;Excepteur sint occaecat cupidatat non proident, sunt in culpa qui officia deserunt mollit anim id est laborum.;https://example.com/30
31;Lorem ipsum dolor sit amet, consectetur adipiscing elit.;https://example.com/31
32;Sed do eiusmod tempor incididunt ut labore et dolore magna aliqua.;https://example.com/32
33;Ut enim ad minim veniam, quis nostrud exercitation ullamco laboris nisi ut aliquip ex ea commodo consequat.;https://example.com/33
34;Duis aute irure dolor in reprehenderit in voluptate velit esse cillum dolore eu fugiat nulla pariatur.;https://example.com/34
35;Excepteur sint occaecat cupidatat non proident, sunt in culpa qui officia deserunt mollit anim id est laborum.;https://example.com/35
36;Lorem ipsum dolor sit amet, consectetur adipiscing elit.;https://example.com/36
37;Sed do eiusmod tempor incididunt ut labore et dolore magna aliqua.;https://example.com/37
38;Ut enim ad minim veniam, quis nostrud exercitation ullamco laboris nisi ut aliquip ex ea commodo consequat.;https://example.com/38
39;Duis aute irure dolor in reprehenderit in voluptate velit esse cillum dolore eu fugiat nulla pariatur.;https://example.com/39
40;Excepteur sint occaecat cupidatat non proident, sunt in culpa qui officia deserunt mollit anim id est laborum.;https://example.com/40
